nome;email;setor;cargo
ADILMA VERONICA FERREIRA;adilma.ferreira@coren-pe.gov.br;Departamento Administrativo;Funcionário(a) Efetivo
ADRIANA MAIA DE ARAÚJO;adriana.araujo@coren-pe.gov.br;Departamento de Fiscalização;Funcionário(a) Efetivo
ADRIELY DE LIMA SILVA;adriely.silva@coren-pe.gov.br;Departamento de Fiscalização Sede;Estagiário(a)
ALESSANDRA DE SOUZA GOUVEIA;alessandra.gouveia@coren-pe.gov.br;Setor de Atendimento;Estagiário(a)
ANA CAROLINE NOVAES SOARES;ana.soares@coren-pe.gov.br;Plenário;Conselheiro(a)
ANA CÉLIA MARINHO GONÇALVES FERREIRA;ana.celia@coren-pe.gov.br;Departamento de Exercício Profissional;Funcionário(a) Efetivo
ANA ELIZABETH DE OLIVEIRA;beth.oliveira@coren-pe.gov.br;Departamento Financeiro;Funcionário(a) Efetivo
ANA PAULA OCHOA SANTOS;ana.ochoa@coren-pe.gov.br;Núcleo de Apoio às Comissões de Ética;Comissionado(a)
ANDRÉ LUCAS BARRETO PEREIRA;andre.pereira@coren-pe.gov.br;Departamento de Tecnologia da informação;Estagiário(a)
ANDREA CARLA CORREIA DE OLIVEIRA;andrea.carla@coren-pe.gov.br;Departamento de Exercício Profissional;Funcionário(a) Efetivo
ANDREA SOUZA LOPES DE LEMOS;andrea.souza@coren-pe.gov.br;Departamento de Fiscalização Subseções;Funcionário(a) Efetivo
ANGELO GIUSEPPE BERNARDINI;angelo.giuseppe@coren-pe.gov.br;Departamento Administrativo;Funcionário(a) Efetivo
ANTONIO CARLOS DA SILVA SANTOS;antonio.santos@coren-pe.gov.br;Plenário;Conselheiro(a)
ARACELE TENORIO DE ALMEIDA E CAVALCANTI;aracele.cavalcante@coren-pe.gov.br;Plenário;Conselheiro(a)
ARIADNI LARISSA FALCÃO XAVIER;ariadni.xavier@coren-pe.gov.br;Departamento Financeiro;Estagiário(a)
ARTHUR ARAUJO DE ANDRADE;arthur.andrade@coren-pe.gov.br;Departamento de Licitações, Contratos e Convênios;Estagiário(a)
BENVINDA PEREIRA DE BARROS;benvinda.barros@coren-pe.gov.br;Departamento de Fiscalização Subseções;Funcionário(a) Efetivo
CAMILLA TORRES PORTELA;camilla.portela@coren-pe.gov.br;Departamento de Exercício Profissional;Estagiário(a)
CARLOS ANDRÉ VIDAL MONTEIRO FILHO;carlos.andre@coren-pe.gov.br;Departamento Financeiro;Comissionado(a)
CARLOS HEITOR DA COSTA LIMA;carlos.costa@coren-pe.gov.br;Procuradoria Geral;Estagiário(a)
CAROLLINE CAVALCANTI SANTANA DE MELO TAVARES;carolline.melo@coren-pe.gov.br;Ouvidoria Geral;Funcionário(a) Efetivo
CESAR AUGUSTO FERNANDES;cesar.fernandes@coren-pe.gov.br;Departamento Administrativo;Comissionado(a)
CHARLES ROBERVAL DE SOUZA REIS;charles.reis@coren-pe.gov.br;Departamento de Exercício Profissional;Funcionário(a) Efetivo
CLAUDIA ROSA COSTA FERREIRA GALLINDO;claudia.gallindo@coren-pe.gov.br;Departamento Administrativo;Estagiário(a)
DANIEL VITORINO DE COUTO;daniel.couto@coren-pe.gov.br;Departamento de Licitações, Contratos e Convênios;Funcionário(a) Efetivo
DANILO BARBOSA DA SILVA;danilo.barbosa@coren-pe.gov.br;Controladoria Geral;Comissionado(a)
DAVI JULIO ROSA DA SILVA GOMES;davi.julio@coren-pe.gov.br;Ouvidoria Geral;Funcionário(a) Efetivo
DEIGLISSON SANTANA DA COSTA SILVA;deiglisson.santana@coren-pe.gov.br;Assessoria de Comunicação;Comissionado(a)
DIEGO EDUARDO DA SILVA RODRIGUES;diego.eduardo@coren-pe.gov.br;Departamento de Exercício Profissional;Funcionário(a) Efetivo
DIOGO DE CARVALHO LEÇA SALES;diogo.sales@coren-pe.gov.br;Departamento Administrativo;Comissionado(a)
DIVANNY COSTA DA SILVA;divanny.silva@@coren-pe.gov.br;Setor de Registro e Cadastro;Terceirizado(a)
DYEGO FELLIPE BARRETO DE FREITAS;dyego.freitas@coren-pe.gov.br;Controladoria Geral;Comissionado(a)
EDILUCI CRISTIANE SILVA SANTOS;ediluci.santos@coren-pe.gov.br;Departamento Financeiro;Funcionário(a) Efetivo
EDNA CRISLAINE SANTOS;edna.santos@coren-pe.gov.br;Departamento de Fiscalização Subseções;Funcionário(a) Efetivo
EDUARDO DE ANDRADE QUINTAS;eduardo.quintas@coren-pe.gov.br;Plenário;Conselheiro(a)
EDUARDO LESSA DE ANDRADE CAVALCANTI;eduardo.lessa@coren-pe.gov.br;Departamento de Tecnologia da informação;Comissionado(a)
ELIANE VIEIRA DE BRITO;eliane.brito@coren-pe.gov.br;Departamento de Exercício Profissional;Funcionário(a) Efetivo
ELIZAMA SOUZA SILVA;elizama.silva@coren-pe.gov.br;Departamento Financeiro;Estagiário(a)
EMILY VITORIA DE FIGUEIREDO;emily.figueiredo@coren-pe.gov.br;Departamento de Exercício Profissional;Estagiário(a)
ENI COSME DA SILVA;eni.silva@coren-pe.gov.br;Plenário;Conselheiro(a)
ERALDO JOSE SANTIAGO;eraldo.santiago@coren-pe.gov.br;Departamento Administrativo;Funcionário(a) Efetivo
ERIKE BEZERRA DA SILVA;erike.bezerra@coren-pe.gov.br;Secretaria Geral;Funcionário(a) Efetivo
EVERSON TEIXEIRA DA SILVA;everson.teixeira@coren-pe.gov.br;Assessoria de Comunicação;Comissionado(a)
FABIO HENRIQUE CADENGUE DE ARAUJO;fabio.cadengue@@coren-pe.gov.br;Departamento de Exercício Profissional;Funcionário(a) Efetivo
FERNANDA LUCIA CERQUEIRA E SILVA;fernanda.cerqueira@coren-pe.gov.br;Departamento de Fiscalização Sede;Funcionário(a) Efetivo
FERNANDA STEPHANE PEREIRA DE SOUZA;fernanda.souza@coren-pe.gov.br;Departamento de Gestão de Pessoas;Estagiário(a)
FRANCISCO ANTÔNIO DE SOUZA;francisco.souza@coren-pe.gov.br;Departamento de Fiscalização Sede;Funcionário(a) Efetivo
FREDERICO ANTONIO ALVES BEZERRA;fred.bezerra@coren-pe.gov.br;Departamento de Exercício Profissional;Funcionário(a) Efetivo
FREDERICO CORREIA FEITOSA;fred.feitosa@coren-pe.gov.br;Ouvidoria Geral;Funcionário(a) Efetivo
GABRIELE PATRÍCIA ROCHA DA SILVA;gabriele.silva@coren-pe.gov.br;Setor de Arrecadação;Estagiário(a)
GARDENIA DA SILVA;gardenia.silva@coren-pe.gov.br;Departamento de Licitações, Contratos e Convênios;Comissionado(a)
GIDELSON GABRIEL GOMES;gidelson.gomes@coren-pe.gov.br;Plenário;Conselheiro(a)
GIOVANA JULIA MARTINS MASTRANGELI DE MELO;giovana.mastrangeli@coren-pe.gov.br;Departamento de Fiscalização Sede;Funcionário(a) Efetivo
GIOVANNA VITÓRIA FERREIRA DOS SANTOS;giovanna.santos@coren-pe.gov.br;Departamento de Processos Éticos;Estagiário(a)
GRACIELLE LIMA DA SILVA;gracielle.silva@coren-pe.gov.br;Assessoria de Comunicação;Estagiário(a)
GUILHERME FERNANDO DE MOURA SILVA;guilherme.moura@coren-pe.gov.br;Departamento de Tecnologia da informação;Comissionado(a)
HAMILTON AFONSO VALENÇA FILHO;hamilton.filho@coren-pe.gov.br;Departamento Administrativo;Funcionário(a) Efetivo
HELIA SIBELY MOTA SILVEIRA;helia.sibely@coren-pe.gov.br;Departamento de Fiscalização Subseções;Funcionário(a) Efetivo
HELIDA LINS DOS SANTOS;helida.santos@coren-pe.gov.br;Setor de Atendimento;Estagiário(a)
HERMOGENES ADRIANO DE SIMOES MEDEIROS;hermogenes.adriano@coren-pe.gov.br;Departamento Administrativo;Funcionário(a) Efetivo
IBISON JOSE DE SOUZA;ibison.souza@coren-pe.gov.br;Departamento de Licitações, Contratos e Convênios;Funcionário(a) Efetivo
IGOR MENEZES DE MORAIS MENDES;igor.menezes@coren-pe.gov.br;Procuradoria Geral;Comissionado(a)
ISABELLE DE OLIVEIRA BRAGA;isabelle.braga@coren-pe.gov.br;Plenário;Conselheiro(a)
IURE FERREIRA DE LIRA;iure.lira@coren-pe.gov.br;Departamento Financeiro;Comissionado(a)
IVANA DE ANDRADE CARLOS;ivana.andrade@coren-pe.gov.br;Departamento de Fiscalização Sede;Funcionário(a) Efetivo
JADE DUARTE DA SILVA;jade.silva@coren-pe.gov.br;Setor de Atendimento;Estagiário(a)
JAMILY OLIVEIRA DA SILVA;jamily.silva@coren-pe.gov.br;Procuradoria Geral;Estagiário(a)
JANAINA FERNANDA BARBOSA DAS CHAGA;janaina.chagas@coren-pe.gov.br;Departamento de Exercício Profissional;Estagiário(a)
JENNY FERREIRA AMADOR;jenny.ferreira@coren-pe.gov.br;Assessoria de Planejamento e Qualidade;Terceirizado(a)
JESSICA DA SILVA ARAUJO MENDES;jessica.araujo@coren-pe.gov.br;Departamento de Exercício Profissional;Funcionário(a) Efetivo
JOALYSON DA SILVA RODRIGUES;joalyson.rodrigues@coren-pe.gov.br;Departamento de Exercício Profissional;Estagiário(a)
JOANE GONCALVES VERAS;joaneveras@coren-pe.gov.br;Departamento de Fiscalização Subseções;Funcionário(a) Efetivo
JOAO PAULO DE MELO VASCONCELOS;joao.melo@coren-pe.gov.br;Departamento de Fiscalização Sede;Funcionário(a) Efetivo
JOÃO VICTOR DE ARAGÃO DA SILVA;joao.aragao@coren-pe.gov.br;Setor de Atendimento;Estagiário(a)
JOEL BRAGA DE ARAUJO FERREIRA;joel.ferreira@coren-pe.gov.br;Departamento de Licitações, Contratos e Convênios;Estagiário(a)
JOSÉ ALMIR ALVES DA SILVA;jose.almir@coren-pe.gov.br;Plenário;Conselheiro(a)
JOSÉ CARLOS SILVA DE ARRUDA;jose.arruda@coren-pe.gov.br;Setor de Negociação;Estagiário(a)
JUAN ICARO BARBOSA DA SILVA;juan.silva@coren-pe.gov.br;Procuradoria Geral;Comissionado(a)
JULIANA GABRIELA XAVIER DE OLIVEIRA;juliana.oliveira@coren-pe.gov.br;Plenário;Conselheiro(a)
JULIANA KARLA DE ALBUQUERQUE PINTO MENEZES;juliana.karla@coren-pe.gov.br;Departamento de Fiscalização Sede;Funcionário(a) Efetivo
JULIANA MARIA DOS SANTOS;juliana.santos@coren-pe.gov.br;Departamento de Fiscalização Subseções;Funcionário(a) Efetivo
JULIANO FRANCINO DA SILVA;juliano.francino@coren-pe.gov.br;Departamento Financeiro;Funcionário(a) Efetivo
JULIO CÉSAR GOMES DA SILVA;julio.silva@coren-pe.gov.br;Departamento de Gestão de Pessoas;Estagiário(a)
KATIA MARIA SALES SANTOS CUNHA;katia.sales@coren-pe.gov.br;Departamento de Fiscalização Sede;Funcionário(a) Efetivo
KAYQUE CAMPOS SOUZA;kayque.souza@coren-pe.gov.br;Setor de Atendimento;Estagiário(a)
LAISE ELLEN SANTOS DA SILVA FERNANDES;laise.fernandes@coren-pe.gov.br;Procuradoria Geral;Comissionado(a)
LILIAN REGINA DE CARVALHO;lilian.carvalho@coren-pe.gov.br;Departamento de Fiscalização Sede;Funcionário(a) Efetivo
LUANA EUGENIA DE ANDRADE SIQUEIRA PARENTE;luana.parente@coren-pe.gov.br;Departamento de Fiscalização Subseções;Funcionário(a) Efetivo
LUCAS ALDENETO DA SILVA;lucas.aldeneto@coren-pe.gov.br;Departamento de Licitações, Contratos e Convênios;Funcionário(a) Efetivo
LUCAS CARDOSO SILVA ARRUDA;lucas.arruda@coren-pe.gov.br;Setor de Transporte;Funcionário(a) Efetivo
LUCAS COUTO CUNHA;lucas.cunha@coren-pe.gov.br;Assessoria de Engenharia;Comissionado(a)
LUCAS HENRIQUES MILANO;lucas.milano@coren-pe.gov.br;Procuradoria Geral;Comissionado(a)
LUCIENO DE MOURA SANTOS;lucieno.santos@coren-pe.gov.br;Departamento de Fiscalização Sede;Funcionário(a) Efetivo
LUIZ GABRIEL SARMENTO PEREIRA;luiz.pereira@coren-pe.gov.br;Assessoria de Planejamento e Qualidade;Estagiário(a)
MAGDA TAVARES DE SOUZA;magda.tavares@coren-pe.gov.br;Presidência;Funcionário(a) Efetivo
MARCIA OLIVEIRA DOS SANTOS ALMEIDA;marcia.almeida@coren-pe.gov.br;Departamento de Exercício Profissional;Estagiário(a)
MARCOS ANTONIO DE OLIVEIRA SOUZA;marcos.souza@coren-pe.gov.br;Plenário;Conselheiro(a)
MARIA CECILIA PEREIRA LEAL;cecilia.leal@coren-pe.gov.br;Presidência;Comissionado(a)
MARIA CRISTINA DE LIMA;cristina.lima@coren-pe.gov.br;Assessoria de Planejamento e Qualidade;Funcionário(a) Efetivo
MARIA DO CARMO BARBOSA SOUSA LEAO;maria.carmo@coren-pe.gov.br;Setor de Negociação;Funcionário(a) Efetivo
MARIA GIOVANNA DA SILVA VELOSO;giovanna.veloso@coren-pe.gov.br;Departamento de Fiscalização Sede;Terceirizado(a)
MARIA LETICIA HENRIQUE DO NASCIMENTO;maria.nascimento@coren-pe.gov.br;Departamento de Exercício Profissional;Estagiário(a)
MARIANA ANGÉLICA QUEIROZ DE AMORIM;mariana.amorim@coren-pe.gov.br;Setor de Registro e Cadastro;Estagiário(a)
MARICELIA ABILIO GONCALVES LEAO;maricelia.abilio@coren-pe.gov.br;Secretaria Geral;Funcionário(a) Efetivo
MARIZE AVELINO DA SILVA;marize.avelino@coren-pe.gov.br;Departamento de Processos Éticos;Funcionário(a) Efetivo
MARLON JOSE DA SILVA;marlon.jose@coren-pe.gov.br;Presidência;Comissionado(a)
MATHEUS FERRO ARAÚJO;matheus.araujo@coren-pe.gov.br;Departamento de Tecnologia da informação;Estagiário(a)
MAXWELL RÔMULO DE SOUZA BEZERRA;maxwell.romulo@coren-pe.gov.br;Departamento Financeiro;Comissionado(a)
MICHELLE CAVALCANTE DE OLIVEIRA;michelle.oliveira@coren-pe.gov.br;Departamento de Licitações, Contratos e Convênios;Estagiário(a)
MILÉCYO DE LIMA SILVA;milecyo.silva@coren-pe.gov.br;Departamento de Fiscalização Sede;Funcionário(a) Efetivo
MIRELLE AMARAL FERREIRA;mirelle.ferreira@coren-pe.gov.br;Setor de Atendimento;Estagiário(a)
MIRELLY VICTORIA DE BRITO ALVES;mirelly.alves@coren-pe.gov.br;Departamento de Fiscalização Sede;Estagiário(a)
NUNES ALMEIDA ANTUNES;nunes.almeida@coren-pe.gov.br;Plenário;Conselheiro(a)
OLGA ELISA MORAES VIEIRA;olga.vieira@coren-pe.gov.br;Departamento de Fiscalização Subseções;Funcionário(a) Efetivo
PALLOMA ALVES PINHEIRO;palloma.alves@coren-pe.gov.br;Setor de Folha de Pagamento;Comissionado(a)
PAULO CESAR SILVA BARROCA;paulo.barroca@coren-pe.gov.br;Assessoria de Planejamento e Qualidade;Estagiário(a)
PAULO ROBERTO DA SILVA;paulo.roberto@coren-pe.gov.br;Departamento Administrativo;Funcionário(a) Efetivo
PAULO ROBERTO RIBEIRO DE ALENCAR;paulo.alencar@coren-pe.gov.br;Departamento de Exercício Profissional;Funcionário(a) Efetivo
RAPHAEL BRUNO AMARAL SILVA;raphael.amaral@coren-pe.gov.br;Procuradoria Geral;Comissionado(a)
RAVENA FERREIRA DO NASCIMENTO;ravena.nascimento@coren-pe.gov.br;Departamento de Fiscalização Sede;Comissionado(a)
RICHARDES DE SOUZA CAULA;richardes.caula@coren-pe.gov.br;Assessoria de Planejamento e Qualidade;Comissionado(a)
ROGERIO JUNE DE ANDRADE LIMA FILHO;rogerio.filho@coren-pe.gov.br;Departamento de Licitações, Contratos e Convênios;Comissionado(a)
RONALDO FRANCISCO RAMOS;ronaldo.ramos@coren-pe.gov.br;Departamento de Exercício Profissional;Funcionário(a) Efetivo
ROSELI OLIVEIRA BARBOSA;roseli.barbosa@coren-pe.gov.br;Secretaria Geral;Funcionário(a) Efetivo
RUBEN MORAIS CANUDO;ruben.morais@coren-pe.gov.br;Divisão da Fase Externa das Contratações;Comissionado(a)
RUBIANA KEYLLA SILVA DE ANDRADE NUNES;rubiana.andrade@coren-pe.gov.br;Departamento de Exercício Profissional;Funcionário(a) Efetivo
SARA FONTES GOMES DA SILVA;sara.fontes@coren-pe.gov.br;Plenário;Conselheiro(a)
SAYONARA DE ALMEIDA PAULA;sayonara.paula@coren-pe.gov.br;Departamento de Fiscalização Sede;Funcionário(a) Efetivo
SEVERINA ETELVINA DA SILVA;severina.silva@coren;Plenário;Conselheiro(a)
SHIRLEI MARIA DOS SANTOS CORDEIRO;shirlei.cordeiro@coren-pe.gov.br;Ouvidoria Geral;Estagiário(a)
SIMONE FIDELES DE SA;simone.fidelis@coren-pe.gov.br;Departamento de Exercício Profissional;Funcionário(a) Efetivo
SIMONE SANTOS DA SILVA;simone.silva@coren-pe.gov.br;Setor de Registro e Cadastro;Estagiário(a)
STEPHANY BUDEKY BARBOSA SERAFIM;stephany.budeky@coren-pe.gov.br;Departamento de Licitações, Contratos e Convênios;Comissionado(a)
SUSANE MACEDO DE FARIAS;susane.macedo@coren-pe.gov.br;Departamento de Gestão de Pessoas;Comissionado(a)
SUZANA SANTOS DA COSTA;suzana.costa@coren-pe.gov.br;Plenário;Conselheiro(a)
SYNESIO BRANDAO DE MIRANDA JUNIOR;synesio.miranda@coren-pe.gov.br;Núcleo de Apoio às Comissões de Ética;Comissionado(a)
TAUÃ HERBERT DE OLIVEIRA NASCIMENTO;taua.nascimento@coren-pe.gov.br;Departamento de Tecnologia da informação;Estagiário(a)
THAIS DA COSTA MARQUES PARENTE;thais.parente@coren-pe.gov.br;Departamento de Fiscalização Subseções;Funcionário(a) Efetivo
TIAGO CÉSAR DA SILVA;tiago.silva@coren-pe.gov.br;Departamento Administrativo;Funcionário(a) Efetivo
UILIANE VILELA DA SILVA;uiliane.santos@coren-pe.gov.br;Setor de Atendimento;Estagiário(a)
WASHINGTON ROBERTO SOUZA DA SILVA;washington.silva@coren-pe.gov.br;Assessoria de Comunicação;Estagiário(a)
ANA RAQUEL NUNES DUQUE;ana.duque@coren-pe.gov.br;Assessoria de Plenário;Terceirizado(a)
CAUÃ VIANA CAMAROTTI DE SOUZA;caua.souza@coren-pe.gov.br;Presidência ;Terceirizado(a)
DANDARA MARIA FERREIRA ;dandara.ferreira@coren-pe.gov.br;Setor de Atendimento;Terceirizado(a)
GABRIEL MARCELO DOS SANTOS DA SILVA;gabriel.silva@coren-pe.gov.br;Setor de Registro e Cadastro;Terceirizado(a)
GUILHERME ARRUDA DE AGUIAR JATOBÁ;guilherme.jatoba@coren-pe.gov.br;Departamento de Licitações, Contratos e Convênios;Terceirizado(a)
GUSTAVO LIMA DE FARIAS MELO;gustavo.melo@coren-pe.gov.br;Assessoria de Comunicação ;Terceirizado(a)
JOSEILTON JOSÉ DE ALBIQUERQUE;joseilton.albuquerque@coren-pe.gov.br;Presidência;Terceirizado(a)
KATHYELLY VITÓRIA PEREIRA DA SILVA;kathyelly.silva@coren-pe.gov.br;Departamento Financeiro;Terceirizado(a)
LARISSA DA ROCHA MOTA;larissa.mota@coren-pe.gov.br;Setor de Atendimento;Terceirizado(a)
MATHEUS FILIPE DA SILVA TEODORO;matheus.teodoro@coren-pe.gov.br;Câmaras Técnicas ;Terceirizado(a)
MATEUS JOAQUIM DA SANTANA;mateus.santana@coren-pe.gov.br;Setor de Registro e Cadastro;Terceirizado(a)
MELYSSA VITÓRIA CESÁRIO DA SILVA;melyssa.silva@coren-pe.gov.br;Setor de Atendimento;Terceirizado(a)
PALOMA REIS DA SILVA;paloma.silva@coren-pe.gov.br;Procuradoria Geral;Terceirizado(a)
RAYAN LIRA SILVA;rayan.silva@coren-pe.gov.br;Setor de Registro e Cadastro;Terceirizado(a)
RAYANNE THAISI RODRIGUES DA SILVA;rayanne.silva@coren-pe.gov.br;Departamento Financeiro;Terceirizado(a)
SALES COUTINHO DOS SANTOS JUNIOR;sales.junior@coren-pe.gov.br;Setor de Registro e Cadastro;Terceirizado(a)
THAYNÁ GABRIELLE MEDINA DE LIMA;thayna.lima@coren-pe.gov.br;Setor de Atendimento;Terceirizado(a)
VANESSA FERNANDES FRUTUOSO;vanessa.frutuoso@coren-pe.gov.br;Setor de Atendimento;Terceirizado(a)
YASMIN MARIA VITÓRIA SANTOS DA SILVA;yasmin.silva@coren-pe.gov.br;Ouvidoria;Terceirizado(a)
ADRIELLY GOMES CORREIRA DE SOUZA;adrielly.souza@coren-pe.gov.br;Departamento de Exercício Profissional;Estagiário(a)
EDUARDO GUILHERME DE MEDEIROS ANTONINO;eduardo.antonino@coren-pe.gov.br;Departamento de Tecnologia da informação;Estagiário(a)
ELINE BARBOSA DA NOBREGA RAMOS;eline.ramos@coren-pe.gov.br;Departamento de Fiscalização ;Funcionário
MARCELA COELHO TORRES DE AZEVEDO MARQUES;marcela.marques@coren-pe.gov.br;Plenário;Conselheiro(a)
MARIA ANDREA DE OLIVEIRA CHACON;maria.chacon@coren-pe.gov.br;Plenário;Conselheiro(a)
